{
  "project_info": {
    "project_number": "207445717072",
    "project_id": "first-project-2111",
    "storage_bucket": "first-project-2111.appspot.com"
  },
  "client": [
    {
      "client_info": {
        "mobilesdk_app_id": "1:207445717072:android:46182b75cb59eb36d16155",
        "android_client_info": {
          "package_name": "com.hagitc.myfirstapplication"
        }
      },
      "oauth_client": [],
      "api_key": [
        {
          "current_key": "AIzaSyDIB_OJGQds6eZBN7ARgOXKPBktC2pnuD8"
        }
      ],
      "services": {
        "appinvite_service": {
          "other_platform_oauth_client": []
        }
      }
    }
  ],
  "configuration_version": "1"
}